{
    "opts": {
        "template": "contentstack-templates",
        "encoding": "utf8",
        "destination": "./js-sdk-reference/",
        "recurse": true
    },
    "source": {
        "include": [
            "src/core/contentstack.js",
            "src/core/stack.js",
            "src/core/modules/assets.js",
            "src/core/modules/entry.js",
            "src/core/modules/query.js",
            "src/core/modules/result.js"
        ],
        "exclude": [
            "src/core/cache.js"
        ]
    },
    "templates": 
    {
        "default": 
        {
            "staticFiles": 
            {
                "include": [ "./contentstack-templates/favicon.ico"]
            }
        }
    },
    "tags": {
        "dictionaries": ["jsdoc", "closure"],
        "allowUnknownTags": true
    }
}